numer_sta;date;haut_sta;dd;ff;t;td;u;ww;w1;w2;n;nbas;hbas;cl;cm;ch;rr24;tn12;tn24;tx12;tx24;ht_neige;ssfrai;perssfrai;phenspe1;phenspe2;nnuage1;t_neige;etat_neige;prof_sonde;nuage_val;chasse_neige;aval_descr;aval_genre;aval_depart;aval_expo;aval_risque;dd_alti;ff_alti;ht_neige_alti;neige_fraiche;teneur_eau;grain_predom;grain_nombre;grain_diametr;homogeneite;m_vol_neige;;
07589;20180701071000;1570.000000;0;0.000000;288.150000;mq;mq;0;0;0;0;0;mq;0;0;0;0.000000;mq;287.150000;mq;298.950000;0.000000;0.000000;-99;768.000000;3100.000000;mq;mq;mq;mq;0;0;mq;mq;mq;mq;mq;mq;mq;mq;mq;mq;mq;mq;mq;mq;mq;
07589;20180702070000;1570.000000;0;0.000000;288.650000;mq;mq;0;0;0;5;0;8000;0;0;9;0.000000;mq;287.150000;mq;302.150000;0.000000;0.000000;-99;768.000000;3100.000000;mq;mq;mq;mq;0;0;mq;mq;mq;mq;mq;mq;mq;mq;mq;mq;mq;mq;mq;mq;mq;
07933;20180702060600;1908.000000;0;0.000000;287.950000;280.980000;63;0;0;0;4;0;8000;0;0;7;0.000000;mq;281.850000;mq;299.350000;0.000000;0.000000;-99;768.000000;3100.000000;mq;mq;mq;mq;0;0;mq;mq;mq;mq;mq;mq;mq;mq;mq;mq;mq;mq;mq;mq;mq;
07893;20180702053000;1707.000000;0;0.000000;287.250000;285.640000;90;0;0;0;0;0;mq;0;0;0;0.000000;mq;281.750000;mq;297.750000;0.000000;0.000000;-99;768.000000;3100.000000;mq;mq;mq;mq;0;0;mq;mq;mq;mq;mq;mq;mq;mq;mq;mq;mq;mq;mq;mq;mq;
07457;20180702050500;790.000000;0;0.000000;289.150000;mq;mq;0;0;0;2;0;8000;0;0;2;0.000000;mq;287.150000;mq;303.650000;0.000000;0.000000;-99;768.000000;3100.000000;mq;mq;mq;mq;0;0;mq;mq;mq;mq;mq;mq;mq;mq;mq;mq;mq;mq;mq;mq;mq;
07876;20180702080000;1270.000000;0;0.000000;289.350000;281.080000;58;0;0;0;2;0;8000;0;0;2;0.000000;mq;288.150000;mq;300.650000;0.000000;0.000000;-99;768.000000;3100.000000;mq;mq;mq;mq;0;0;mq;mq;mq;mq;mq;mq;mq;mq;mq;mq;mq;mq;mq;mq;mq;
07898;20180702064000;1080.000000;0;0.000000;291.950000;mq;mq;0;0;0;3;0;8000;0;0;2;0.000000;286.150000;mq;303.150000;mq;0.000000;0.000000;-99;768.000000;3100.000000;mq;mq;mq;mq;mq;mq;mq;mq;mq;mq;mq;mq;mq;mq;mq;mq;mq;mq;mq;mq;mq;
07954;20180702055800;1107.000000;0;0.000000;288.150000;287.680000;97;45;9;6;9;9;mq;/;/;/;5.000000;mq;286.750000;mq;302.150000;0.000000;0.000000;-99;768.000000;3100.000000;mq;mq;mq;mq;mq;0;mq;mq;mq;mq;mq;mq;mq;mq;mq;mq;mq;mq;mq;mq;mq;
07939;20180702123400;1860.000000;0;0.000000;295.150000;285.980000;56;0;0;0;3;3;1250;0;3;0;mq;mq;mq;mq;mq;0.000000;0.000000;-50;750.000000;3100.000000;mq;mq;mq;mq;0;0;mq;mq;mq;mq;mq;mq;mq;mq;mq;mq;mq;mq;mq;mq;mq;
07584;20180703060000;1738.000000;0;0.000000;285.650000;284.870000;95;0;4;6;1;1;800;2;0;0;1.000000;mq;mq;mq;mq;0.000000;0.000000;-99;768.000000;3100.000000;mq;mq;mq;mq;0;0;mq;mq;mq;mq;mq;mq;mq;mq;mq;mq;mq;mq;mq;mq;mq;
07589;20180703072000;1570.000000;0;0.000000;288.650000;mq;mq;0;6;4;4;2;450;2;3;0;1.800000;mq;286.650000;mq;301.150000;0.000000;0.000000;-99;768.000000;3100.000000;mq;mq;mq;mq;0;0;mq;mq;mq;mq;mq;mq;mq;mq;mq;mq;mq;mq;mq;mq;mq;
07499;20180703053000;1025.000000;mq;mq;mq;mq;mq;61;6;0;8;8;mq;/;/;/;mq;mq;mq;mq;mq;0.000000;0.000000;-99;768.000000;3100.000000;mq;mq;mq;mq;mq;mq;mq;mq;mq;mq;mq;mq;mq;mq;mq;mq;mq;mq;mq;mq;mq;
07584;20180703130000;1738.000000;270;2.000000;295.650000;283.140000;45;0;0;0;7;0;8000;0;0;2;mq;mq;mq;mq;mq;0.000000;0.000000;-50;750.000000;3100.000000;mq;mq;mq;mq;0;0;mq;mq;mq;mq;mq;mq;mq;mq;mq;mq;mq;mq;mq;mq;mq;
07917;20180703132000;1281.000000;0;0.000000;292.450000;287.700000;74;0;9;6;7;7;800;9;/;/;mq;mq;mq;mq;mq;0.000000;0.000000;-50;750.000000;3100.000000;mq;mq;mq;mq;mq;mq;mq;mq;mq;mq;mq;mq;mq;mq;mq;mq;mq;mq;mq;mq;mq;
07954;20180704055600;1107.000000;0;0.000000;286.550000;284.600000;88;0;0;0;1;1;1750;0;3;0;0.000000;mq;285.650000;mq;294.750000;0.000000;0.000000;-99;768.000000;3100.000000;mq;mq;mq;mq;0;0;mq;mq;mq;mq;mq;mq;mq;mq;mq;mq;mq;mq;mq;mq;mq;
07589;20180704072000;1570.000000;0;0.000000;288.650000;mq;mq;0;0;0;1;1;3500;0;3;0;0.000000;mq;285.650000;mq;296.150000;0.000000;0.000000;-99;768.000000;3100.000000;mq;mq;mq;mq;0;0;mq;mq;mq;mq;mq;mq;mq;mq;mq;mq;mq;mq;mq;mq;mq;
07696;20180704061500;1850.000000;360;2.000000;286.350000;278.520000;59;0;6;0;0;0;mq;0;0;0;5.500000;mq;283.950000;mq;293.550000;0.000000;0.000000;-99;768.000000;3100.000000;mq;mq;mq;mq;0;0;mq;mq;mq;mq;mq;mq;mq;mq;mq;mq;mq;mq;mq;mq;mq;
07893;20180704053000;1707.000000;0;0.000000;284.650000;283.400000;92;0;9;6;2;1;1750;2;4;0;0.700000;mq;282.650000;mq;293.550000;0.000000;0.000000;-99;768.000000;3100.000000;mq;mq;mq;mq;0;0;mq;mq;mq;mq;mq;mq;mq;mq;mq;mq;mq;mq;mq;mq;mq;
07898;20180704063000;1080.000000;0;0.000000;289.850000;mq;mq;0;0;0;2;2;1750;2;0;0;0.000000;285.950000;mq;300.950000;mq;0.000000;0.000000;-99;768.000000;3100.000000;mq;mq;mq;mq;mq;mq;mq;mq;mq;mq;mq;mq;mq;mq;mq;mq;mq;mq;mq;mq;mq;
07912;20180704060000;1707.000000;90;2.000000;283.450000;282.370000;93;0;9;6;3;3;800;2;3;0;5.100000;mq;280.850000;mq;297.250000;0.000000;0.000000;-99;768.000000;3100.000000;mq;mq;mq;mq;0;0;mq;mq;mq;mq;mq;mq;mq;mq;mq;mq;mq;mq;mq;mq;mq;
07584;20180704123000;1738.000000;270;2.000000;295.150000;279.000000;35;0;0;0;3;0;mq;0;0;0;mq;mq;mq;mq;mq;0.000000;0.000000;-50;750.000000;3100.000000;mq;mq;mq;mq;0;0;mq;mq;mq;mq;mq;mq;mq;mq;mq;mq;mq;mq;mq;mq;mq;
07917;20180704140000;1281.000000;0;0.000000;300.250000;286.250000;42;0;0;0;3;3;2250;0;3;0;mq;mq;mq;mq;mq;0.000000;0.000000;-50;750.000000;3100.000000;mq;mq;mq;mq;mq;mq;mq;mq;mq;mq;mq;mq;mq;mq;mq;mq;mq;mq;mq;mq;mq;
07589;20180705071500;1570.000000;0;0.000000;287.150000;mq;mq;0;0;0;4;3;3500;0;3;9;0.000000;mq;285.650000;mq;297.150000;0.000000;0.000000;-99;768.000000;3100.000000;mq;mq;mq;mq;5;0;mq;mq;mq;mq;mq;mq;mq;mq;mq;mq;mq;mq;mq;mq;mq;
07954;20180705055700;1107.000000;0;0.000000;285.950000;285.640000;98;45;9;6;9;9;mq;/;/;/;6.400000;mq;285.050000;mq;301.750000;mq;mq;mq;768.000000;mq;mq;mq;mq;mq;mq;0;mq;mq;mq;mq;mq;mq;mq;mq;mq;mq;mq;mq;mq;mq;mq;
07893;20180705053000;1707.000000;360;2.000000;284.150000;282.900000;92;0;6;6;7;5;1250;5;3;0;1.800000;mq;282.150000;mq;294.150000;0.000000;0.000000;-99;768.000000;3100.000000;mq;mq;mq;mq;0;0;mq;mq;mq;mq;mq;mq;mq;mq;mq;mq;mq;mq;mq;mq;mq;
07939;20180705061300;1860.000000;0;0.000000;284.550000;280.850000;78;0;0;0;0;0;mq;0;0;0;0.000000;mq;280.350000;mq;293.050000;0.000000;0.000000;-99;768.000000;3100.000000;mq;mq;mq;mq;0;0;mq;mq;mq;mq;mq;mq;mq;mq;mq;mq;mq;mq;mq;mq;mq;
07584;20180705123000;1738.000000;90;2.000000;289.250000;282.900000;66;16;6;0;7;7;800;2;/;/;mq;mq;mq;mq;mq;0.000000;0.000000;-50;750.000000;3100.000000;mq;mq;mq;mq;0;0;mq;mq;mq;mq;mq;mq;mq;mq;mq;mq;mq;mq;mq;mq;mq;
07912;20180705060000;1707.000000;40;2.000000;283.350000;282.110000;92;0;6;0;7;7;1250;0;3;0;0.800000;mq;281.850000;mq;297.550000;0.000000;0.000000;-99;768.000000;3100.000000;mq;mq;mq;mq;0;0;mq;mq;mq;mq;mq;mq;mq;mq;mq;mq;mq;mq;mq;mq;mq;
07457;20180705130000;790.000000;0;0.000000;292.650000;mq;mq;0;6;0;7;4;800;6;3;0;mq;mq;mq;mq;mq;0.000000;0.000000;-50;750.000000;3100.000000;mq;mq;mq;mq;0;0;mq;mq;mq;mq;mq;mq;mq;mq;mq;mq;mq;mq;mq;mq;mq;
07457;20180705080000;790.000000;0;0.000000;287.150000;mq;mq;61;9;6;8;8;2250;0;3;/;3.800000;mq;285.650000;mq;302.350000;0.000000;0.000000;-99;768.000000;3100.000000;mq;mq;mq;mq;0;0;mq;mq;mq;mq;mq;mq;mq;mq;mq;mq;mq;mq;mq;mq;mq;
07876;20180705060000;1270.000000;0;0.000000;286.150000;282.410000;78;0;9;6;7;7;800;5;/;/;9.200000;mq;285.150000;mq;298.150000;0.000000;0.000000;-99;768.000000;3100.000000;mq;mq;mq;mq;0;0;mq;mq;mq;mq;mq;mq;mq;mq;mq;mq;mq;mq;mq;mq;mq;
07954;20180706055800;1107.000000;0;0.000000;284.650000;284.350000;98;0;6;4;8;8;150;6;/;/;3.900000;mq;284.350000;mq;291.150000;mq;mq;mq;768.000000;mq;mq;mq;mq;mq;0;0;mq;mq;mq;mq;mq;mq;mq;mq;mq;mq;mq;mq;mq;mq;mq;
07898;20180706061500;1080.000000;0;0.000000;285.450000;mq;mq;60;6;0;8;4;150;6;2;/;4.300000;284.350000;mq;298.150000;mq;0.000000;0.000000;-99;768.000000;3100.000000;mq;mq;mq;mq;mq;mq;mq;mq;mq;mq;mq;mq;mq;mq;mq;mq;mq;mq;mq;mq;mq;
07499;20180706051000;1025.000000;0;0.000000;287.650000;mq;mq;63;6;0;8;3;450;6;7;/;8.000000;mq;285.850000;mq;293.150000;0.000000;0.000000;-99;768.000000;3100.000000;mq;mq;mq;mq;0;mq;mq;mq;mq;mq;mq;mq;mq;mq;mq;mq;mq;mq;mq;mq;mq;
07457;20180706051000;790.000000;0;0.000000;287.650000;mq;mq;63;9;6;8;3;800;6;7;/;8.000000;mq;285.850000;mq;293.150000;0.000000;0.000000;-99;768.000000;3100.000000;mq;mq;mq;mq;0;mq;mq;mq;mq;mq;mq;mq;mq;mq;mq;mq;mq;mq;mq;mq;mq;
07876;20180706060000;1270.000000;0;0.000000;283.650000;280.710000;82;60;6;0;8;8;450;6;/;/;5.100000;mq;278.650000;mq;292.650000;0.000000;0.000000;-99;768.000000;3100.000000;mq;mq;mq;mq;2;mq;mq;mq;mq;mq;mq;mq;mq;mq;mq;mq;mq;mq;mq;mq;mq;
07584;20180706123000;1738.000000;270;7.000000;291.850000;282.630000;55;0;0;0;4;4;800;5;0;0;mq;mq;mq;mq;mq;0.000000;0.000000;-50;750.000000;3100.000000;mq;mq;mq;mq;0;0;mq;mq;mq;mq;mq;mq;mq;mq;mq;mq;mq;mq;mq;mq;mq;
07584;20180707060000;1738.000000;0;0.000000;285.650000;282.840000;83;0;0;0;4;4;1750;0;3;0;0.000000;mq;281.550000;mq;293.050000;0.000000;0.000000;-99;768.000000;3100.000000;mq;mq;mq;mq;0;0;mq;mq;mq;mq;mq;mq;mq;mq;mq;mq;mq;mq;mq;mq;mq;
07696;20180707060000;1850.000000;360;2.000000;283.350000;280.420000;82;0;9;7;3;3;1250;0;3;0;8.400000;mq;282.350000;mq;291.350000;0.000000;0.000000;-99;768.000000;3100.000000;mq;mq;mq;mq;0;0;mq;mq;mq;mq;mq;mq;mq;mq;mq;mq;mq;mq;mq;mq;mq;
07933;20180707054800;1908.000000;0;0.000000;282.150000;279.760000;85;0;0;0;3;3;1250;2;3;0;0.000000;mq;279.450000;mq;295.150000;0.000000;0.000000;-99;768.000000;3100.000000;mq;mq;mq;mq;0;0;mq;mq;mq;mq;mq;mq;mq;mq;mq;mq;mq;mq;mq;mq;mq;
07954;20180707055800;1107.000000;0;0.000000;284.450000;283.200000;92;0;0;0;1;1;2250;0;3;0;0.000000;mq;283.950000;mq;293.350000;0.000000;0.000000;-99;768.000000;3100.000000;mq;mq;mq;mq;0;0;mq;mq;mq;mq;mq;mq;mq;mq;mq;mq;mq;mq;mq;mq;mq;
07898;20180707064500;1080.000000;0;0.000000;288.150000;mq;mq;0;6;0;0;0;mq;0;0;/;0.500000;283.350000;mq;292.650000;mq;0.000000;0.000000;-99;768.000000;3100.000000;mq;mq;mq;mq;mq;mq;mq;mq;mq;mq;mq;mq;mq;mq;mq;mq;mq;mq;mq;mq;mq;
07457;20180707050500;790.000000;0;0.000000;283.450000;mq;mq;0;6;0;0;0;mq;0;0;0;7.200000;282.650000;mq;293.650000;mq;0.000000;0.000000;-99;768.000000;3100.000000;mq;mq;mq;mq;mq;mq;mq;mq;mq;mq;mq;mq;mq;mq;mq;mq;mq;mq;mq;mq;mq;
07912;20180707060000;1707.000000;0;0.000000;281.350000;280.440000;94;0;0;0;0;0;mq;0;0;0;0.000000;mq;281.250000;mq;289.550000;0.000000;0.000000;-99;768.000000;3100.000000;mq;mq;mq;mq;0;0;mq;mq;mq;mq;mq;mq;mq;mq;mq;mq;mq;mq;mq;mq;mq;
07590;20180707121000;1270.000000;360;2.000000;294.350000;284.110000;52;0;0;0;4;3;1750;5;3;0;mq;mq;mq;mq;mq;0.000000;0.000000;-50;750.000000;3100.000000;mq;mq;mq;mq;0;0;mq;mq;mq;mq;mq;mq;mq;mq;mq;mq;mq;mq;mq;mq;mq;
07945;20180708063000;1270.000000;0;0.000000;285.150000;282.530000;84;0;0;0;1;1;3500;0;3;0;0.000000;mq;282.950000;mq;301.350000;0.000000;0.000000;-99;768.000000;3100.000000;mq;mq;mq;mq;0;0;mq;mq;mq;mq;mq;mq;mq;mq;mq;mq;mq;mq;mq;mq;mq;
07954;20180708053000;1107.000000;0;0.000000;285.050000;283.630000;91;0;6;0;2;2;2250;0;3;0;5.000000;mq;284.150000;mq;297.950000;0.000000;0.000000;-99;768.000000;3100.000000;mq;mq;mq;mq;0;0;mq;mq;mq;mq;mq;mq;mq;mq;mq;mq;mq;mq;mq;mq;mq;
07590;20180708110000;1270.000000;160;2.000000;296.850000;285.200000;48;0;0;0;2;2;3500;0;3;0;mq;mq;mq;mq;mq;0.000000;0.000000;-50;750.000000;3100.000000;mq;mq;mq;mq;0;0;mq;mq;mq;mq;mq;mq;mq;mq;mq;mq;mq;mq;mq;mq;mq;
07933;20180708120500;1908.000000;220;2.000000;297.150000;280.340000;34;0;0;0;4;2;1250;2;0;2;mq;mq;mq;mq;mq;0.000000;0.000000;-50;750.000000;3100.000000;mq;mq;mq;mq;0;0;mq;mq;mq;mq;mq;mq;mq;mq;mq;mq;mq;mq;mq;mq;mq;
07584;20180708123000;1738.000000;270;7.000000;296.250000;281.930000;40;0;0;0;2;1;1250;2;0;2;mq;mq;mq;mq;mq;0.000000;0.000000;-50;750.000000;3100.000000;mq;mq;mq;mq;0;0;mq;mq;mq;mq;mq;mq;mq;mq;mq;mq;mq;mq;mq;mq;mq;
07457;20180708080000;790.000000;0;0.000000;284.650000;mq;mq;0;0;0;0;0;mq;0;0;0;0.000000;mq;283.450000;mq;297.650000;0.000000;0.000000;-99;768.000000;3100.000000;mq;mq;mq;mq;0;0;mq;mq;mq;mq;mq;mq;mq;mq;mq;mq;mq;mq;mq;mq;mq;
07457;20180708130000;790.000000;360;5.000000;295.650000;mq;mq;0;0;0;0;0;mq;0;0;0;mq;mq;mq;mq;mq;0.000000;0.000000;-50;750.000000;3100.000000;mq;mq;mq;mq;0;mq;mq;mq;mq;mq;mq;mq;mq;mq;mq;mq;mq;mq;mq;mq;mq;
07876;20180708060000;1270.000000;0;0.000000;287.150000;279.020000;58;0;0;0;0;0;mq;0;0;0;0.000000;mq;284.150000;mq;294.150000;0.000000;0.000000;-99;768.000000;3100.000000;mq;mq;mq;mq;0;0;mq;mq;mq;mq;mq;mq;mq;mq;mq;mq;mq;mq;mq;mq;mq;
07898;20180708071500;1080.000000;0;0.000000;291.650000;mq;mq;0;0;0;0;0;mq;0;0;/;0.000000;283.150000;mq;297.150000;mq;0.000000;0.000000;-99;768.000000;3100.000000;mq;mq;mq;mq;mq;mq;mq;mq;mq;mq;mq;mq;mq;mq;mq;mq;mq;mq;mq;mq;mq;
07589;20180709073000;1570.000000;0;0.000000;286.150000;mq;mq;0;0;0;1;1;1750;0;3;0;0.000000;mq;285.150000;mq;297.350000;0.000000;0.000000;-99;768.000000;3100.000000;mq;mq;mq;mq;0;0;mq;mq;mq;mq;mq;mq;mq;mq;mq;mq;mq;mq;mq;mq;mq;
07939;20180709062900;1860.000000;0;0.000000;286.550000;284.430000;87;0;0;0;1;1;1750;0;3;0;0.000000;mq;282.150000;mq;293.550000;0.000000;0.000000;-99;768.000000;3100.000000;mq;mq;mq;mq;0;0;mq;mq;mq;mq;mq;mq;mq;mq;mq;mq;mq;mq;mq;mq;mq;
07696;20180709060000;1850.000000;0;0.000000;286.750000;283.740000;82;0;0;0;6;6;250;6;/;/;0.000000;mq;283.150000;mq;293.650000;0.000000;0.000000;-99;768.000000;3100.000000;mq;mq;mq;mq;0;0;mq;mq;mq;mq;mq;mq;mq;mq;mq;mq;mq;mq;mq;mq;mq;
07954;20180709055700;1107.000000;0;0.000000;288.350000;286.890000;91;0;9;6;8;8;800;0;3;/;10.000000;mq;284.650000;mq;299.750000;0.000000;0.000000;-99;768.000000;3100.000000;mq;mq;mq;mq;0;0;mq;mq;mq;mq;mq;mq;mq;mq;mq;mq;mq;mq;mq;mq;mq;
07912;20180709060000;1707.000000;0;0.000000;282.250000;281.020000;92;0;0;0;0;0;mq;0;0;0;0.000000;mq;279.750000;mq;297.350000;0.000000;0.000000;-99;768.000000;3100.000000;mq;mq;mq;mq;0;0;mq;mq;mq;mq;mq;mq;mq;mq;mq;mq;mq;mq;mq;mq;mq;
07584;20180709123000;1738.000000;270;5.000000;296.650000;281.910000;39;0;0;0;2;2;1250;2;0;0;mq;mq;mq;mq;mq;0.000000;0.000000;-50;750.000000;3100.000000;mq;mq;mq;mq;0;0;mq;mq;mq;mq;mq;mq;mq;mq;mq;mq;mq;mq;mq;mq;mq;
07917;20180709135000;1281.000000;360;7.000000;299.150000;287.620000;49;0;0;0;3;3;2250;0;3;0;mq;mq;mq;mq;mq;0.000000;0.000000;-50;750.000000;3100.000000;mq;mq;mq;mq;mq;0;mq;mq;mq;mq;mq;mq;mq;mq;mq;mq;mq;mq;mq;mq;mq;
07939;20180710074700;1860.000000;0;0.000000;288.450000;285.580000;83;0;6;0;4;4;450;6;3;0;4.400000;mq;282.650000;mq;291.950000;0.000000;0.000000;-99;768.000000;3100.000000;mq;mq;mq;mq;0;0;mq;mq;mq;mq;mq;mq;mq;mq;mq;mq;mq;mq;mq;mq;mq;
07589;20180710063000;1570.000000;0;0.000000;288.150000;mq;mq;0;0;0;2;2;1750;0;3;0;0.000000;mq;285.650000;mq;297.950000;mq;mq;mq;768.000000;mq;mq;mq;mq;mq;0;0;mq;mq;mq;mq;mq;mq;mq;mq;mq;mq;mq;mq;mq;mq;mq;
07954;20180710055800;1107.000000;0;0.000000;286.650000;284.360000;86;0;9;6;1;1;1750;0;3;0;0.100000;mq;285.350000;mq;296.150000;mq;mq;mq;768.000000;mq;mq;mq;mq;mq;0;0;mq;mq;mq;mq;mq;mq;mq;mq;mq;mq;mq;mq;mq;mq;mq;
07917;20180710070000;1281.000000;0;0.000000;285.450000;283.350000;87;0;0;0;3;1;1250;5;3;2;0.000000;mq;282.350000;mq;299.450000;0.000000;0.000000;-99;768.000000;3100.000000;mq;mq;mq;mq;mq;0;mq;mq;mq;mq;mq;mq;mq;mq;mq;mq;mq;mq;mq;mq;mq;
07933;20180710060100;1908.000000;0;0.000000;287.950000;279.520000;57;0;0;0;3;3;1250;2;0;2;0.000000;mq;282.450000;mq;297.750000;0.000000;0.000000;-99;768.000000;3100.000000;mq;mq;mq;mq;0;0;mq;mq;mq;mq;mq;mq;mq;mq;mq;mq;mq;mq;mq;mq;mq;
07584;20180710123000;1738.000000;270;5.000000;296.150000;279.030000;33;0;0;0;1;1;1250;2;0;0;mq;mq;mq;mq;mq;mq;mq;mq;750.000000;mq;mq;mq;mq;mq;3;0;mq;mq;mq;mq;mq;mq;mq;mq;mq;mq;mq;mq;mq;mq;mq;
07954;20180711055800;1107.000000;0;0.000000;287.250000;286.940000;98;0;6;4;8;8;450;6;/;/;1.600000;mq;286.650000;mq;296.750000;0.000000;0.000000;-99;768.000000;3100.000000;mq;mq;mq;mq;0;0;mq;mq;mq;mq;mq;mq;mq;mq;mq;mq;mq;mq;mq;mq;mq;
07589;20180711073000;1570.000000;0;0.000000;285.650000;mq;mq;0;0;0;2;0;8000;0;0;2;0.000000;mq;282.150000;mq;297.150000;mq;mq;mq;768.000000;mq;mq;mq;mq;mq;0;0;mq;mq;mq;mq;mq;mq;mq;mq;mq;mq;mq;mq;mq;mq;mq;
07457;20180711080000;790.000000;0;0.000000;283.150000;mq;mq;0;0;0;0;0;mq;0;0;0;0.000000;mq;282.650000;mq;297.150000;0.000000;0.000000;-99;768.000000;3100.000000;mq;mq;mq;mq;0;0;mq;mq;mq;mq;mq;mq;mq;mq;mq;mq;mq;mq;mq;mq;mq;
07876;20180711080000;1270.000000;0;0.000000;281.650000;276.490000;70;0;0;0;1;1;1750;0;3;0;0.000000;mq;281.650000;mq;294.650000;0.000000;0.000000;-99;768.000000;3100.000000;mq;mq;mq;mq;0;0;mq;mq;mq;mq;mq;mq;mq;mq;mq;mq;mq;mq;mq;mq;mq;
07895;20180711054500;1970.000000;0;0.000000;282.650000;280.600000;87;0;0;0;2;2;450;2;0;2;0.000000;mq;279.350000;mq;290.650000;0.000000;0.000000;-99;768.000000;3100.000000;mq;mq;mq;mq;0;0;mq;mq;mq;mq;mq;mq;mq;mq;mq;mq;mq;mq;mq;mq;mq;
07898;20180711063000;1080.000000;0;0.000000;285.350000;mq;mq;0;0;0;2;1;800;2;0;2;0.000000;281.650000;mq;297.450000;mq;0.000000;0.000000;-99;768.000000;3100.000000;mq;mq;mq;mq;mq;mq;mq;mq;mq;mq;mq;mq;mq;mq;mq;mq;mq;mq;mq;mq;mq;
07912;20180711060000;1707.000000;0;0.000000;282.150000;280.270000;88;0;0;0;5;5;450;5;3;0;0.000000;mq;279.950000;mq;296.850000;0.000000;0.000000;-99;768.000000;3100.000000;mq;mq;mq;mq;0;0;mq;mq;mq;mq;mq;mq;mq;mq;mq;mq;mq;mq;mq;mq;mq;
07584;20180711123000;1738.000000;270;5.000000;293.950000;279.500000;39;0;0;0;1;1;2250;2;0;0;mq;mq;mq;mq;mq;mq;mq;mq;750.000000;mq;mq;mq;mq;mq;3;0;mq;mq;mq;mq;mq;mq;mq;mq;mq;mq;mq;mq;mq;mq;mq;
07917;20180711060000;1281.000000;0;0.000000;282.050000;279.320000;83;0;0;0;4;3;2250;0;3;2;0.000000;mq;281.150000;mq;298.650000;0.000000;0.000000;-99;768.000000;3100.000000;mq;mq;mq;mq;mq;0;mq;mq;mq;mq;mq;mq;mq;mq;mq;mq;mq;mq;mq;mq;mq;
07917;20180711130000;1281.000000;360;2.000000;295.150000;284.260000;50;0;0;0;1;1;2250;0;3;2;mq;mq;mq;mq;mq;0.000000;0.000000;-50;750.000000;3100.000000;mq;mq;mq;mq;mq;0;mq;mq;mq;mq;mq;mq;mq;mq;mq;mq;mq;mq;mq;mq;mq;
07589;20180713072000;1570.000000;0;0.000000;286.150000;mq;mq;0;0;0;1;1;3500;0;3;0;0.000000;mq;284.150000;mq;294.650000;0.000000;0.000000;-99;768.000000;3100.000000;mq;mq;mq;mq;0;0;mq;mq;mq;mq;mq;mq;mq;mq;mq;mq;mq;mq;mq;mq;mq;
07608;20180713063000;1327.000000;0;0.000000;287.350000;285.560000;89;0;0;0;8;7;800;5;3;/;0.000000;mq;284.950000;mq;288.750000;0.000000;0.000000;-99;768.000000;3100.000000;mq;mq;mq;mq;0;0;mq;mq;mq;mq;mq;mq;mq;mq;mq;mq;mq;mq;mq;mq;mq;
07457;20180713080000;790.000000;0;0.000000;283.950000;mq;mq;0;0;0;0;0;mq;0;0;0;0.000000;mq;281.950000;mq;297.150000;0.000000;0.000000;-99;768.000000;3100.000000;mq;mq;mq;mq;0;0;mq;mq;mq;mq;mq;mq;mq;mq;mq;mq;mq;mq;mq;mq;mq;
07876;20180713060000;1270.000000;0;0.000000;286.650000;278.050000;56;0;0;0;0;0;mq;0;0;0;0.000000;mq;283.650000;mq;294.650000;0.000000;0.000000;-99;768.000000;3100.000000;mq;mq;mq;mq;0;0;mq;mq;mq;mq;mq;mq;mq;mq;mq;mq;mq;mq;mq;mq;mq;
07898;20180713064500;1080.000000;0;0.000000;287.250000;mq;mq;0;0;0;0;0;mq;0;0;0;0.000000;281.050000;mq;297.150000;mq;0.000000;0.000000;-99;768.000000;3100.000000;mq;mq;mq;mq;mq;mq;mq;mq;mq;mq;mq;mq;mq;mq;mq;mq;mq;mq;mq;mq;mq;
07912;20180713060000;1707.000000;0;0.000000;280.050000;279.000000;93;0;0;0;0;0;mq;0;0;0;0.000000;mq;278.350000;mq;294.950000;0.000000;0.000000;-99;768.000000;3100.000000;mq;mq;mq;mq;0;0;mq;mq;mq;mq;mq;mq;mq;mq;mq;mq;mq;mq;mq;mq;mq;
07590;20180713111500;1270.000000;0;0.000000;299.050000;279.160000;28;0;0;0;0;0;mq;0;0;0;mq;mq;mq;mq;mq;0.000000;0.000000;-50;750.000000;3100.000000;mq;mq;mq;mq;0;0;mq;mq;mq;mq;mq;mq;mq;mq;mq;mq;mq;mq;mq;mq;mq;
07933;20180713105000;1908.000000;220;3.000000;294.850000;280.300000;39;0;0;0;1;1;1250;2;0;0;mq;mq;mq;mq;mq;0.000000;0.000000;-50;750.000000;3100.000000;mq;mq;mq;mq;0;0;mq;mq;mq;mq;mq;mq;mq;mq;mq;mq;mq;mq;mq;mq;mq;
07933;20180713080000;1908.000000;mq;mq;mq;mq;mq;mq;mq;mq;mq;mq;mq;/;/;/;0.000000;278.150000;mq;295.650000;mq;0.000000;0.000000;-99;768.000000;3100.000000;mq;mq;mq;mq;mq;mq;mq;mq;mq;mq;mq;mq;mq;mq;mq;mq;mq;mq;mq;mq;mq;
07584;20180713130000;1738.000000;270;2.000000;296.250000;276.240000;27;0;0;0;2;2;1750;2;0;0;mq;mq;mq;mq;mq;0.000000;0.000000;-50;750.000000;3100.000000;mq;mq;mq;mq;0;6;mq;mq;mq;mq;mq;mq;mq;mq;mq;mq;mq;mq;mq;mq;mq;
07917;20180713130000;1281.000000;0;0.000000;300.650000;281.550000;30;0;0;0;5;5;2250;0;3;0;mq;mq;mq;mq;mq;0.000000;0.000000;-50;750.000000;3100.000000;mq;mq;mq;mq;mq;0;mq;mq;mq;mq;mq;mq;mq;mq;mq;mq;mq;mq;mq;mq;mq;
07457;20180714050500;790.000000;0;0.000000;287.650000;mq;mq;0;0;0;3;3;1250;2;0;0;0.000000;mq;287.150000;mq;299.950000;0.000000;0.000000;-99;768.000000;3100.000000;mq;mq;mq;mq;0;0;mq;mq;mq;mq;mq;mq;mq;mq;mq;mq;mq;mq;mq;mq;mq;
07499;20180714060000;1025.000000;mq;mq;mq;mq;mq;0;0;0;4;4;1250;2;0;0;mq;mq;mq;mq;mq;0.000000;0.000000;-99;768.000000;3100.000000;mq;mq;mq;mq;0;mq;mq;mq;mq;mq;mq;mq;mq;mq;mq;mq;mq;mq;mq;mq;mq;
07589;20180714071500;1570.000000;0;0.000000;287.250000;280.080000;62;0;0;0;2;1;3500;0;3;2;0.000000;mq;284.950000;mq;296.750000;0.000000;0.000000;-99;768.000000;3100.000000;mq;mq;mq;mq;0;0;mq;mq;mq;mq;mq;mq;mq;mq;mq;mq;mq;mq;mq;mq;mq;
07876;20180714060000;1270.000000;0;0.000000;289.150000;279.300000;52;0;0;0;4;4;1250;2;0;0;0.000000;mq;286.150000;mq;297.150000;0.000000;0.000000;-99;768.000000;3100.000000;mq;mq;mq;mq;0;0;mq;mq;mq;mq;mq;mq;mq;mq;mq;mq;mq;mq;mq;mq;mq;
07898;20180714065000;1080.000000;0;0.000000;289.650000;mq;mq;0;0;0;4;2;1250;2;0;2;0.000000;285.150000;mq;299.650000;mq;0.000000;0.000000;-99;768.000000;3100.000000;mq;mq;mq;mq;mq;mq;mq;mq;mq;mq;mq;mq;mq;mq;mq;mq;mq;mq;mq;mq;mq;
07608;20180714063000;1327.000000;0;0.000000;289.450000;283.320000;67;0;9;6;0;0;mq;0;0;0;14.000000;mq;286.950000;mq;293.950000;0.000000;0.000000;-99;768.000000;3100.000000;mq;mq;mq;mq;mq;0;mq;mq;mq;mq;mq;mq;mq;mq;mq;mq;mq;mq;mq;mq;mq;
07966;20180714051500;1000.000000;0;0.000000;288.750000;288.110000;96;0;6;0;2;2;3500;0;3;0;0.200000;mq;287.750000;mq;297.250000;0.000000;0.000000;-99;768.000000;3100.000000;mq;mq;mq;mq;mq;0;mq;mq;mq;mq;mq;mq;mq;mq;mq;mq;mq;mq;mq;mq;mq;
07912;20180714060000;1707.000000;0;0.000000;282.650000;280.930000;89;0;0;0;2;2;1250;0;3;0;0.000000;mq;279.750000;mq;297.350000;0.000000;0.000000;-99;768.000000;3100.000000;mq;mq;mq;mq;0;0;mq;mq;mq;mq;mq;mq;mq;mq;mq;mq;mq;mq;mq;mq;mq;
07954;20180715063000;1107.000000;0;0.000000;289.150000;284.920000;76;0;0;0;1;1;1250;0;3;0;0.000000;mq;286.650000;mq;300.150000;0.000000;0.000000;-99;768.000000;3100.000000;mq;mq;mq;mq;0;0;mq;mq;mq;mq;mq;mq;mq;mq;mq;mq;mq;mq;mq;mq;mq;
07590;20180715114000;1270.000000;0;0.000000;294.650000;284.680000;53;0;6;0;3;3;3500;0;3;0;mq;mq;mq;mq;mq;0.000000;0.000000;-50;750.000000;3100.000000;mq;mq;mq;mq;0;0;mq;mq;mq;mq;mq;mq;mq;mq;mq;mq;mq;mq;mq;mq;mq;
07589;20180716071000;1570.000000;0;0.000000;286.150000;mq;mq;0;9;6;7;7;3500;0;7;/;4.000000;mq;284.150000;mq;297.650000;mq;mq;mq;768.000000;mq;mq;mq;mq;mq;0;0;mq;mq;mq;mq;mq;mq;mq;mq;mq;mq;mq;mq;mq;mq;mq;
07608;20180716063000;1327.000000;0;0.000000;285.150000;284.840000;98;45;6;4;9;9;mq;/;/;/;3.000000;mq;285.150000;mq;293.150000;0.000000;0.000000;-99;768.000000;3100.000000;mq;mq;mq;mq;mq;0;mq;mq;mq;mq;mq;mq;mq;mq;mq;mq;mq;mq;mq;mq;mq;
07931;20180716055000;1665.000000;90;1.000000;282.950000;276.470000;64;0;0;0;7;0;8000;0;0;2;0.100000;mq;282.250000;mq;296.750000;0.000000;0.000000;-99;768.000000;3100.000000;mq;mq;mq;mq;mq;0;mq;mq;mq;mq;mq;mq;mq;mq;mq;mq;mq;mq;mq;mq;mq;
07933;20180716060200;1908.000000;0;0.000000;285.250000;280.760000;74;0;6;0;2;0;8000;0;0;2;3.000000;mq;280.150000;mq;294.650000;0.000000;0.000000;-99;768.000000;3100.000000;mq;mq;mq;mq;0;0;mq;mq;mq;mq;mq;mq;mq;mq;mq;mq;mq;mq;mq;mq;mq;
07945;20180716070000;1270.000000;0;0.000000;284.550000;282.800000;89;0;6;0;6;3;3500;0;7;2;5.000000;mq;282.650000;mq;301.450000;0.000000;0.000000;-99;768.000000;3100.000000;mq;mq;mq;mq;0;0;mq;mq;mq;mq;mq;mq;mq;mq;mq;mq;mq;mq;mq;mq;mq;
07954;20180716055600;1107.000000;0;0.000000;287.050000;286.420000;96;95;9;6;9;9;mq;/;/;/;24.900000;286.950000;mq;296.750000;mq;0.000000;0.000000;-99;768.000000;3100.000000;mq;mq;mq;mq;mq;mq;mq;mq;mq;mq;mq;mq;mq;mq;mq;mq;mq;mq;mq;mq;mq;
07696;20180716064500;1850.000000;0;0.000000;287.350000;280.870000;65;0;6;0;6;6;800;0;1;0;0.100000;mq;284.750000;mq;293.750000;0.000000;0.000000;-99;768.000000;3100.000000;mq;mq;mq;mq;0;0;mq;mq;mq;mq;mq;mq;mq;mq;mq;mq;mq;mq;mq;mq;mq;
07893;20180716052000;1707.000000;0;0.000000;281.650000;280.430000;92;0;mq;6;2;0;8000;0;0;2;10.000000;mq;277.150000;mq;293.650000;0.000000;0.000000;-99;768.000000;3100.000000;mq;mq;mq;mq;0;0;mq;mq;mq;mq;mq;mq;mq;mq;mq;mq;mq;mq;mq;mq;mq;
07584;20180716123000;1738.000000;0;0.000000;254.050000;247.260000;55;0;0;0;7;7;1750;2;0;0;mq;mq;mq;mq;mq;mq;mq;mq;750.000000;mq;mq;mq;mq;mq;0;0;mq;mq;mq;mq;mq;mq;mq;mq;mq;mq;mq;mq;mq;mq;mq;
07457;20180716051000;790.000000;0;0.000000;284.550000;mq;mq;0;9;6;2;0;8000;0;0;2;5.000000;mq;283.150000;mq;299.950000;0.000000;0.000000;-99;768.000000;3100.000000;mq;mq;mq;mq;0;0;mq;mq;mq;mq;mq;mq;mq;mq;mq;mq;mq;mq;mq;mq;mq;
07457;20180716130000;790.000000;360;2.000000;297.150000;mq;mq;0;0;0;1;1;1250;2;0;0;mq;mq;mq;mq;mq;0.000000;0.000000;-50;750.000000;3100.000000;mq;mq;mq;mq;0;mq;mq;mq;mq;mq;mq;mq;mq;mq;mq;mq;mq;mq;mq;mq;mq;
07876;20180716080000;1270.000000;0;0.000000;285.150000;276.650000;56;0;0;0;2;2;2250;0;3;0;0.000000;mq;284.150000;mq;296.150000;0.000000;0.000000;-99;768.000000;3100.000000;mq;mq;mq;mq;0;0;mq;mq;mq;mq;mq;mq;mq;mq;mq;mq;mq;mq;mq;mq;mq;
07898;20180716062000;1080.000000;0;0.000000;285.650000;mq;mq;0;9;6;2;0;8000;0;0;2;2.800000;281.450000;mq;298.350000;mq;0.000000;0.000000;-99;768.000000;3100.000000;mq;mq;mq;mq;mq;mq;mq;mq;mq;mq;mq;mq;mq;mq;mq;mq;mq;mq;mq;mq;mq;
07589;20180717071000;1570.000000;0;0.000000;284.650000;mq;mq;0;9;6;1;1;3500;0;3;0;0.200000;mq;284.150000;mq;294.150000;0.000000;0.000000;-99;768.000000;3100.000000;mq;mq;mq;mq;0;0;mq;mq;mq;mq;mq;mq;mq;mq;mq;mq;mq;mq;mq;mq;mq;
07608;20180717063000;1327.000000;0;0.000000;286.150000;284.550000;90;0;9;6;0;0;mq;0;0;0;19.500000;mq;283.450000;mq;293.150000;0.000000;0.000000;-99;768.000000;3100.000000;mq;mq;mq;mq;0;0;mq;mq;mq;mq;mq;mq;mq;mq;mq;mq;mq;mq;mq;mq;mq;
07457;20180717080000;790.000000;0;0.000000;287.350000;mq;mq;0;6;0;6;6;2250;0;3;0;1.300000;mq;284.550000;mq;299.650000;0.000000;0.000000;-99;768.000000;3100.000000;mq;mq;mq;mq;0;0;mq;mq;mq;mq;mq;mq;mq;mq;mq;mq;mq;mq;mq;mq;mq;
07876;20180717060000;1270.000000;0;0.000000;285.650000;280.330000;70;81;6;0;7;7;800;5;/;/;1.500000;mq;284.650000;mq;297.650000;0.000000;0.000000;-99;768.000000;3100.000000;mq;mq;mq;mq;0;mq;mq;mq;mq;mq;mq;mq;mq;mq;mq;mq;mq;mq;mq;mq;mq;
07898;20180717063000;1080.000000;0;0.000000;285.150000;mq;mq;0;9;6;6;4;2250;0;2;2;9.100000;282.150000;mq;299.150000;mq;0.000000;0.000000;-99;768.000000;3100.000000;mq;mq;mq;mq;mq;mq;mq;mq;mq;mq;mq;mq;mq;mq;mq;mq;mq;mq;mq;mq;mq;
07893;20180717052000;1707.000000;0;0.000000;283.150000;281.090000;87;0;0;0;3;3;1250;0;7;2;0.000000;mq;281.650000;mq;292.650000;0.000000;0.000000;-99;768.000000;3100.000000;mq;mq;mq;mq;0;0;mq;mq;mq;mq;mq;mq;mq;mq;mq;mq;mq;mq;mq;mq;mq;
07895;20180717054500;1970.000000;0;0.000000;281.950000;280.400000;90;0;6;0;5;2;800;2;3;2;0.100000;mq;281.150000;mq;290.950000;0.000000;0.000000;-99;768.000000;3100.000000;mq;mq;mq;mq;0;0;mq;mq;mq;mq;mq;mq;mq;mq;mq;mq;mq;mq;mq;mq;mq;
07931;20180717055000;1665.000000;90;1.000000;282.150000;277.170000;71;0;6;0;0;0;mq;0;0;0;6.100000;mq;281.950000;mq;290.950000;0.000000;0.000000;-99;768.000000;3100.000000;mq;mq;mq;mq;mq;0;mq;mq;mq;mq;mq;mq;mq;mq;mq;mq;mq;mq;mq;mq;mq;
07933;20180717080000;1908.000000;mq;mq;mq;mq;mq;0;6;0;mq;mq;mq;/;/;/;15.400000;mq;mq;mq;mq;0.000000;0.000000;-99;768.000000;3100.000000;mq;mq;mq;mq;mq;mq;mq;mq;mq;mq;mq;mq;mq;mq;mq;mq;mq;mq;mq;mq;mq;
07945;20180717070000;1270.000000;0;0.000000;284.450000;280.940000;79;0;0;0;0;0;mq;0;0;0;0.000000;mq;284.050000;mq;294.250000;0.000000;0.000000;-99;768.000000;3100.000000;mq;mq;mq;mq;0;0;mq;mq;mq;mq;mq;mq;mq;mq;mq;mq;mq;mq;mq;mq;mq;
07917;20180717130000;1281.000000;360;2.000000;297.950000;284.880000;44;0;0;0;3;3;2250;0;3;0;mq;mq;mq;mq;mq;0.000000;0.000000;-50;750.000000;3100.000000;mq;mq;mq;mq;mq;0;mq;mq;mq;mq;mq;mq;mq;mq;mq;mq;mq;mq;mq;mq;mq;
07589;20180718071000;1570.000000;0;0.000000;285.150000;mq;mq;0;0;0;0;0;mq;0;0;0;0.000000;mq;284.150000;mq;297.150000;0.000000;0.000000;-99;768.000000;3100.000000;mq;mq;mq;mq;0;0;mq;mq;mq;mq;mq;mq;mq;mq;mq;mq;mq;mq;mq;mq;mq;
07696;20180718060000;1850.000000;40;2.000000;284.750000;280.470000;75;0;0;0;0;0;mq;0;0;0;0.000000;mq;283.650000;mq;291.250000;0.000000;0.000000;-99;768.000000;3100.000000;mq;mq;mq;mq;0;0;mq;mq;mq;mq;mq;mq;mq;mq;mq;mq;mq;mq;mq;mq;mq;
07933;20180718064000;1908.000000;0;0.000000;285.650000;281.920000;78;0;0;0;0;0;mq;0;0;0;0.000000;mq;279.850000;mq;295.150000;0.000000;0.000000;-99;768.000000;3100.000000;mq;mq;mq;mq;0;0;mq;mq;mq;mq;mq;mq;mq;mq;mq;mq;mq;mq;mq;mq;mq;
07457;20180718080000;790.000000;0;0.000000;285.350000;mq;mq;0;0;0;0;0;mq;0;0;0;0.000000;mq;284.750000;mq;299.150000;0.000000;0.000000;-99;768.000000;3100.000000;mq;mq;mq;mq;0;0;mq;mq;mq;mq;mq;mq;mq;mq;mq;mq;mq;mq;mq;mq;mq;
07876;20180718060000;1270.000000;0;0.000000;286.650000;277.530000;54;0;0;0;0;0;mq;0;0;0;0.000000;mq;284.150000;mq;295.650000;0.000000;0.000000;-99;768.000000;3100.000000;mq;mq;mq;mq;0;0;mq;mq;mq;mq;mq;mq;mq;mq;mq;mq;mq;mq;mq;mq;mq;
07893;20180718052000;1707.000000;0;0.000000;283.150000;281.590000;90;0;0;0;0;0;mq;0;0;0;0.000000;mq;283.150000;mq;292.150000;0.000000;0.000000;-99;768.000000;3100.000000;mq;mq;mq;mq;0;0;mq;mq;mq;mq;mq;mq;mq;mq;mq;mq;mq;mq;mq;mq;mq;
07895;20180718055500;1970.000000;0;0.000000;284.350000;282.100000;86;0;0;0;0;0;mq;0;0;0;0.100000;mq;280.750000;mq;290.250000;0.000000;0.000000;-99;768.000000;3100.000000;mq;mq;mq;mq;9;0;mq;mq;mq;mq;mq;mq;mq;mq;mq;mq;mq;mq;mq;mq;mq;
07898;20180718062000;1080.000000;0;0.000000;285.650000;mq;mq;0;0;0;0;0;mq;0;0;0;0.000000;282.350000;mq;297.650000;mq;0.000000;0.000000;-99;768.000000;3100.000000;mq;mq;mq;mq;mq;mq;mq;mq;mq;mq;mq;mq;mq;mq;mq;mq;mq;mq;mq;mq;mq;
07589;20180719071500;1570.000000;0;0.000000;285.150000;mq;mq;0;9;6;0;0;mq;0;0;0;2.300000;mq;284.650000;mq;299.950000;0.000000;0.000000;-99;768.000000;3100.000000;mq;mq;mq;mq;0;0;mq;mq;mq;mq;mq;mq;mq;mq;mq;mq;mq;mq;mq;mq;mq;
07608;20180719063000;1327.000000;0;0.000000;290.250000;283.160000;63;0;9;6;0;0;mq;0;0;0;5.800000;mq;286.950000;mq;293.850000;0.000000;0.000000;-99;768.000000;3100.000000;mq;mq;mq;mq;0;0;mq;mq;mq;mq;mq;mq;mq;mq;mq;mq;mq;mq;mq;mq;mq;
07697;20180719070000;1554.000000;0;0.000000;287.150000;285.370000;89;0;0;0;4;4;1250;2;0;0;0.000000;mq;280.650000;mq;294.150000;0.000000;0.000000;-99;768.000000;3100.000000;mq;mq;mq;mq;0;0;mq;mq;mq;mq;mq;mq;mq;mq;mq;mq;mq;mq;mq;mq;mq;
07876;20180719060000;1270.000000;0;0.000000;287.650000;277.920000;52;0;9;6;0;0;mq;0;0;0;1.300000;mq;285.150000;mq;298.150000;0.000000;0.000000;-99;768.000000;3100.000000;mq;mq;mq;mq;0;0;mq;mq;mq;mq;mq;mq;mq;mq;mq;mq;mq;mq;mq;mq;mq;
07917;20180719130000;1281.000000;0;0.000000;296.750000;285.420000;49;0;0;0;6;6;2250;0;3;/;mq;mq;mq;mq;mq;0.000000;0.000000;-50;750.000000;3100.000000;mq;mq;mq;mq;mq;0;mq;mq;mq;mq;mq;mq;mq;mq;mq;mq;mq;mq;mq;mq;mq;
07954;20180719055500;1107.000000;0;0.000000;289.650000;286.380000;81;0;6;0;0;0;mq;0;0;0;2.600000;mq;286.250000;mq;301.550000;0.000000;0.000000;-99;768.000000;3100.000000;mq;mq;mq;mq;mq;0;mq;mq;mq;mq;mq;mq;mq;mq;mq;mq;mq;mq;mq;mq;mq;
07457;20180720050500;790.000000;0;0.000000;287.150000;mq;mq;0;0;0;0;0;mq;0;0;0;0.000000;mq;286.750000;mq;301.150000;0.000000;0.000000;-99;768.000000;3100.000000;mq;mq;mq;mq;0;0;mq;mq;mq;mq;mq;mq;mq;mq;mq;mq;mq;mq;mq;mq;mq;
07876;20180720060000;1270.000000;0;0.000000;288.650000;278.280000;50;0;0;0;3;0;8000;0;0;2;0.000000;mq;286.650000;mq;298.650000;0.000000;0.000000;-99;768.000000;3100.000000;mq;mq;mq;mq;0;0;mq;mq;mq;mq;mq;mq;mq;mq;mq;mq;mq;mq;mq;mq;mq;
07898;20180720061500;1080.000000;0;0.000000;286.550000;mq;mq;0;0;0;1;0;8000;0;0;2;0.000000;283.450000;mq;301.150000;mq;0.000000;0.000000;-99;768.000000;3100.000000;mq;mq;mq;mq;mq;mq;mq;mq;mq;mq;mq;mq;mq;mq;mq;mq;mq;mq;mq;mq;mq;
07590;20180720120500;1270.000000;0;0.000000;295.150000;285.700000;55;0;0;0;8;3;1750;5;3;/;mq;mq;mq;mq;mq;0.000000;0.000000;-50;750.000000;3100.000000;mq;mq;mq;mq;0;0;mq;mq;mq;mq;mq;mq;mq;mq;mq;mq;mq;mq;mq;mq;mq;
07584;20180720114500;1738.000000;0;0.000000;292.250000;282.450000;53;0;0;0;7;7;3500;0;7;/;mq;mq;mq;mq;mq;0.000000;0.000000;-50;750.000000;3100.000000;mq;mq;mq;mq;0;0;mq;mq;mq;mq;mq;mq;mq;mq;mq;mq;mq;mq;mq;mq;mq;
07589;20180721070500;1570.000000;0;0.000000;285.650000;mq;mq;0;9;6;7;7;1750;0;7;/;12.500000;mq;283.650000;mq;298.650000;0.000000;0.000000;-99;768.000000;3100.000000;mq;mq;mq;mq;0;0;mq;mq;mq;mq;mq;mq;mq;mq;mq;mq;mq;mq;mq;mq;mq;
07696;20180721060000;1850.000000;40;2.000000;283.750000;279.890000;77;0;9;7;2;2;1250;0;3;0;7.500000;mq;282.750000;mq;293.350000;0.000000;0.000000;-99;768.000000;3100.000000;mq;mq;mq;mq;0;0;mq;mq;mq;mq;mq;mq;mq;mq;mq;mq;mq;mq;mq;mq;mq;
07931;20180721054000;1665.000000;90;2.000000;282.450000;279.710000;83;0;9;6;8;2;1250;5;3;/;17.000000;mq;282.250000;mq;297.750000;0.000000;0.000000;-99;768.000000;3100.000000;mq;mq;mq;mq;mq;0;mq;mq;mq;mq;mq;mq;mq;mq;mq;mq;mq;mq;mq;mq;mq;
07933;20180721060500;1908.000000;0;0.000000;281.650000;279.940000;89;0;9;6;7;7;250;6;7;2;12.000000;mq;280.650000;mq;295.850000;0.000000;0.000000;-99;768.000000;3100.000000;mq;mq;mq;mq;0;0;mq;mq;mq;mq;mq;mq;mq;mq;mq;mq;mq;mq;mq;mq;mq;
07608;20180721063000;1327.000000;0;0.000000;283.150000;283.000000;99;0;6;4;8;8;80;5;/;/;10.000000;mq;282.350000;mq;294.150000;0.000000;0.000000;-99;768.000000;3100.000000;mq;mq;mq;mq;2;0;mq;mq;mq;mq;mq;mq;mq;mq;mq;mq;mq;mq;mq;mq;mq;
07895;20180721060000;1970.000000;0;0.000000;281.950000;280.400000;90;0;9;6;8;1;450;2;3;/;22.700000;mq;279.150000;mq;292.150000;0.000000;0.000000;-99;768.000000;3100.000000;mq;mq;mq;mq;0;0;mq;mq;mq;mq;mq;mq;mq;mq;mq;mq;mq;mq;mq;mq;mq;
07584;20180721120000;1738.000000;270;2.000000;288.750000;283.720000;72;60;0;0;5;5;800;2;0;0;mq;mq;mq;mq;mq;0.000000;0.000000;-50;750.000000;3100.000000;mq;mq;mq;mq;3;0;mq;mq;mq;mq;mq;mq;mq;mq;mq;mq;mq;mq;mq;mq;mq;
07457;20180721080000;790.000000;0;0.000000;286.150000;mq;mq;0;9;6;8;4;2250;0;3;2;17.400000;285.550000;mq;301.350000;mq;0.000000;0.000000;-99;768.000000;3100.000000;mq;mq;mq;mq;mq;mq;mq;mq;mq;mq;mq;mq;mq;mq;mq;mq;mq;mq;mq;mq;mq;
07876;20180721060000;1270.000000;0;0.000000;285.150000;281.810000;80;0;9;6;7;7;1750;0;3;/;24.700000;mq;283.650000;mq;298.150000;0.000000;0.000000;-99;768.000000;3100.000000;mq;mq;mq;mq;0;0;mq;mq;mq;mq;mq;mq;mq;mq;mq;mq;mq;mq;mq;mq;mq;
07898;20180721074500;1080.000000;310;2.000000;286.650000;mq;mq;0;9;6;6;4;150;6;2;/;25.100000;284.250000;mq;299.650000;mq;0.000000;0.000000;-99;768.000000;3100.000000;mq;mq;mq;mq;mq;mq;mq;mq;mq;mq;mq;mq;mq;mq;mq;mq;mq;mq;mq;mq;mq;
07954;20180721055600;1107.000000;0;0.000000;284.550000;284.250000;98;45;9;6;9;9;mq;/;/;/;18.800000;mq;284.150000;mq;294.750000;0.000000;0.000000;-99;768.000000;3100.000000;mq;mq;mq;mq;mq;0;mq;mq;mq;mq;mq;mq;mq;mq;mq;mq;mq;mq;mq;mq;mq;
07589;20180722072000;1570.000000;0;0.000000;283.650000;mq;mq;0;6;4;4;4;1250;0;3;0;2.100000;mq;282.550000;mq;290.650000;0.000000;0.000000;-99;768.000000;3100.000000;mq;mq;mq;mq;5;0;mq;mq;mq;mq;mq;mq;mq;mq;mq;mq;mq;mq;mq;mq;mq;
07608;20180722063000;1327.000000;0;0.000000;284.350000;284.050000;98;45;6;4;9;9;mq;/;/;/;3.000000;mq;282.450000;mq;284.950000;0.000000;0.000000;-99;768.000000;3100.000000;mq;mq;mq;mq;mq;0;mq;mq;mq;mq;mq;mq;mq;mq;mq;mq;mq;mq;mq;mq;mq;
07457;20180722052500;790.000000;0;0.000000;285.650000;mq;mq;0;6;0;8;8;2250;0;3;/;0.200000;mq;283.750000;mq;294.650000;0.000000;0.000000;-99;768.000000;3100.000000;mq;mq;mq;mq;0;0;mq;mq;mq;mq;mq;mq;mq;mq;mq;mq;mq;mq;mq;mq;mq;
07876;20180722060000;1270.000000;0;0.000000;284.150000;280.460000;78;0;6;0;4;3;800;5;0;2;0.600000;mq;282.650000;mq;290.150000;0.000000;0.000000;-99;768.000000;3100.000000;mq;mq;mq;mq;0;0;mq;mq;mq;mq;mq;mq;mq;mq;mq;mq;mq;mq;mq;mq;mq;
07898;20180722073000;1080.000000;360;2.000000;289.450000;mq;mq;0;6;0;2;1;800;2;0;2;1.100000;283.550000;mq;292.750000;mq;0.000000;0.000000;-99;768.000000;3100.000000;mq;mq;mq;mq;mq;mq;mq;mq;mq;mq;mq;mq;mq;mq;mq;mq;mq;mq;mq;mq;mq;
07584;20180722115000;1738.000000;270;3.000000;292.750000;282.630000;52;0;0;4;4;4;1250;0;3;0;mq;mq;mq;mq;mq;0.000000;0.000000;-50;750.000000;3100.000000;mq;mq;mq;mq;0;0;mq;mq;mq;mq;mq;mq;mq;mq;mq;mq;mq;mq;mq;mq;mq;
07917;20180722130000;1281.000000;360;2.000000;295.350000;284.440000;50;0;0;0;5;5;1250;5;0;0;mq;mq;mq;mq;mq;0.000000;0.000000;-50;750.000000;3100.000000;mq;mq;mq;mq;0;0;mq;mq;mq;mq;mq;mq;mq;mq;mq;mq;mq;mq;mq;mq;mq;
07954;20180722055800;1107.000000;0;0.000000;285.750000;285.440000;98;0;6;4;8;8;250;6;/;/;1.200000;mq;284.250000;mq;295.750000;0.000000;0.000000;-99;768.000000;3100.000000;mq;mq;mq;mq;0;0;mq;mq;mq;mq;mq;mq;mq;mq;mq;mq;mq;mq;mq;mq;mq;
07499;20180723053000;1025.000000;0;0.000000;mq;mq;mq;0;mq;mq;1;1;3500;0;3;0;mq;mq;mq;mq;mq;0.000000;0.000000;-99;768.000000;3100.000000;mq;mq;mq;mq;0;0;mq;mq;mq;mq;mq;mq;mq;mq;mq;mq;mq;mq;mq;mq;mq;
07457;20180723080000;790.000000;0;0.000000;285.150000;mq;mq;0;0;0;2;2;2250;0;3;0;0.000000;284.150000;mq;297.650000;mq;0.000000;0.000000;-99;768.000000;3100.000000;mq;mq;mq;mq;mq;mq;mq;mq;mq;mq;mq;mq;mq;mq;mq;mq;mq;mq;mq;mq;mq;
07876;20180723080000;1270.000000;0;0.000000;284.150000;279.300000;72;0;0;0;0;0;mq;0;0;0;0.000000;mq;284.150000;mq;292.650000;0.000000;0.000000;-99;768.000000;3100.000000;mq;mq;mq;mq;0;0;mq;mq;mq;mq;mq;mq;mq;mq;mq;mq;mq;mq;mq;mq;mq;
07898;20180723063000;1080.000000;0;0.000000;287.950000;mq;mq;0;0;0;0;0;mq;0;0;0;0.100000;282.350000;mq;295.850000;mq;0.000000;0.000000;-99;768.000000;3100.000000;mq;mq;mq;mq;mq;mq;mq;mq;mq;mq;mq;mq;mq;mq;mq;mq;mq;mq;mq;mq;mq;
07608;20180723063000;1327.000000;0;0.000000;284.150000;282.570000;90;0;0;0;0;0;mq;0;0;0;0.000000;mq;283.650000;mq;288.150000;0.000000;0.000000;-99;768.000000;3100.000000;mq;mq;mq;mq;0;0;mq;mq;mq;mq;mq;mq;mq;mq;mq;mq;mq;mq;mq;mq;mq;
07893;20180723053000;1707.000000;0;0.000000;283.150000;282.230000;94;0;6;mq;2;2;450;2;0;0;22.500000;mq;280.650000;mq;295.150000;mq;mq;mq;768.000000;mq;mq;mq;mq;mq;0;0;mq;mq;mq;mq;mq;mq;mq;mq;mq;mq;mq;mq;mq;mq;mq;
07895;20180723054500;1970.000000;0;0.000000;282.550000;281.630000;94;0;9;6;5;5;450;5;0;0;21.200000;mq;279.650000;mq;287.650000;0.000000;0.000000;-99;768.000000;3100.000000;mq;mq;mq;mq;0;0;mq;mq;mq;mq;mq;mq;mq;mq;mq;mq;mq;mq;mq;mq;mq;
07584;20180723123000;1738.000000;270;7.000000;294.550000;283.100000;48;0;0;0;3;3;1250;2;0;0;mq;mq;mq;mq;mq;mq;mq;mq;750.000000;mq;mq;mq;mq;mq;0;0;mq;mq;mq;mq;mq;mq;mq;mq;mq;mq;mq;mq;mq;mq;mq;
07895;20180723114000;1970.000000;0;0.000000;286.650000;281.290000;70;0;0;0;4;4;450;2;0;0;mq;mq;mq;mq;mq;0.000000;0.000000;-50;750.000000;3100.000000;mq;mq;mq;mq;0;0;mq;mq;mq;mq;mq;mq;mq;mq;mq;mq;mq;mq;mq;mq;mq;
07912;20180723060000;1707.000000;40;1.000000;280.250000;279.500000;95;0;6;0;3;3;250;5;0;0;2.400000;mq;279.750000;mq;293.150000;0.000000;0.000000;-99;768.000000;3100.000000;mq;mq;mq;mq;0;0;mq;mq;mq;mq;mq;mq;mq;mq;mq;mq;mq;mq;mq;mq;mq;
07589;20180724073000;1570.000000;0;0.000000;287.150000;mq;mq;0;0;0;1;1;3500;0;3;0;0.000000;mq;283.650000;mq;295.650000;0.000000;0.000000;-99;768.000000;3100.000000;mq;mq;mq;mq;0;0;mq;mq;mq;mq;mq;mq;mq;mq;mq;mq;mq;mq;mq;mq;mq;
07608;20180724063000;1327.000000;0;0.000000;291.150000;284.010000;63;0;0;0;4;4;1250;0;3;2;0.000000;mq;286.150000;mq;294.150000;0.000000;0.000000;-99;768.000000;3100.000000;mq;mq;mq;mq;0;0;mq;mq;mq;mq;mq;mq;mq;mq;mq;mq;mq;mq;mq;mq;mq;
07696;20180724060000;1850.000000;0;0.000000;286.750000;282.800000;77;0;0;0;6;2;450;2;3;/;0.000000;mq;284.250000;mq;293.750000;0.000000;0.000000;-99;768.000000;3100.000000;mq;mq;mq;mq;0;0;mq;mq;mq;mq;mq;mq;mq;mq;mq;mq;mq;mq;mq;mq;mq;
07931;20180724053000;1665.000000;90;1.000000;285.850000;279.660000;66;0;0;0;4;4;1750;5;0;0;0.000000;mq;283.450000;mq;296.450000;0.000000;0.000000;-99;768.000000;3100.000000;mq;mq;mq;mq;mq;0;mq;mq;mq;mq;mq;mq;mq;mq;mq;mq;mq;mq;mq;mq;mq;
07457;20180724080000;790.000000;0;0.000000;286.650000;mq;mq;0;0;0;0;0;mq;0;0;0;0.000000;mq;285.150000;mq;298.650000;0.000000;0.000000;-99;768.000000;3100.000000;mq;mq;mq;mq;0;0;mq;mq;mq;mq;mq;mq;mq;mq;mq;mq;mq;mq;mq;mq;mq;
07457;20180724130000;790.000000;270;2.000000;298.150000;mq;mq;0;0;0;3;3;2250;0;3;0;mq;mq;mq;mq;mq;0.000000;0.000000;-50;750.000000;3100.000000;mq;mq;mq;mq;0;0;mq;mq;mq;mq;mq;mq;mq;mq;mq;mq;mq;mq;mq;mq;mq;
07876;20180724060000;1270.000000;0;0.000000;288.150000;282.300000;68;0;0;0;4;4;1750;0;3;0;0.000000;mq;284.150000;mq;295.150000;0.000000;0.000000;-99;768.000000;3100.000000;mq;mq;mq;mq;0;0;mq;mq;mq;mq;mq;mq;mq;mq;mq;mq;mq;mq;mq;mq;mq;
07898;20180724062000;1080.000000;0;0.000000;287.150000;mq;mq;0;0;0;3;3;3500;0;3;0;0.100000;283.850000;mq;298.350000;mq;0.000000;0.000000;-99;768.000000;3100.000000;mq;mq;mq;mq;mq;mq;mq;mq;mq;mq;mq;mq;mq;mq;mq;mq;mq;mq;mq;mq;mq;
07954;20180724055000;1107.000000;0;0.000000;289.050000;284.630000;75;0;0;0;1;1;2250;0;0;0;0.000000;mq;283.650000;mq;298.750000;0.000000;0.000000;-99;768.000000;3100.000000;mq;mq;mq;mq;0;0;mq;mq;mq;mq;mq;mq;mq;mq;mq;mq;mq;mq;mq;mq;mq;
07954;20180725055800;1107.000000;0;0.000000;289.350000;288.550000;95;0;9;6;8;8;450;6;/;/;0.600000;mq;287.350000;mq;299.050000;0.000000;0.000000;-99;768.000000;3100.000000;mq;mq;mq;mq;0;0;mq;mq;mq;mq;mq;mq;mq;mq;mq;mq;mq;mq;mq;mq;mq;
07608;20180725064500;1327.000000;0;0.000000;286.150000;286.000000;99;0;4;0;9;9;mq;/;/;/;0.000000;mq;284.650000;mq;294.650000;0.000000;0.000000;-99;768.000000;3100.000000;mq;mq;mq;mq;mq;0;mq;mq;mq;mq;mq;mq;mq;mq;mq;mq;mq;mq;mq;mq;mq;
07457;20180725080000;790.000000;0;0.000000;289.150000;mq;mq;0;0;0;2;2;2250;0;3;0;0.000000;286.350000;mq;301.150000;mq;0.000000;0.000000;-99;768.000000;3100.000000;mq;mq;mq;mq;mq;mq;mq;mq;mq;mq;mq;mq;mq;mq;mq;mq;mq;mq;mq;mq;mq;
07876;20180725060000;1270.000000;0;0.000000;289.650000;279.770000;52;0;0;0;0;0;mq;0;0;0;0.000000;mq;287.650000;mq;298.150000;0.000000;0.000000;-99;768.000000;3100.000000;mq;mq;mq;mq;0;0;mq;mq;mq;mq;mq;mq;mq;mq;mq;mq;mq;mq;mq;mq;mq;
07893;20180725051800;1707.000000;0;0.000000;285.150000;283.890000;92;0;0;0;1;1;1250;5;0;0;0.000000;mq;280.150000;mq;293.650000;0.000000;0.000000;-99;768.000000;3100.000000;mq;mq;mq;mq;0;0;mq;mq;mq;mq;mq;mq;mq;mq;mq;mq;mq;mq;mq;mq;mq;
07895;20180725055500;1970.000000;0;0.000000;285.650000;283.370000;86;0;0;0;1;1;450;2;0;2;0.000000;mq;282.950000;mq;293.050000;0.000000;0.000000;-99;768.000000;3100.000000;mq;mq;mq;mq;0;0;mq;mq;mq;mq;mq;mq;mq;mq;mq;mq;mq;mq;mq;mq;mq;
07898;20180725062000;1080.000000;0;0.000000;288.650000;mq;mq;0;9;0;2;0;8000;0;0;2;0.000000;286.150000;mq;299.950000;mq;0.000000;0.000000;-99;768.000000;3100.000000;mq;mq;mq;mq;mq;mq;mq;mq;mq;mq;mq;mq;mq;mq;mq;mq;mq;mq;mq;mq;mq;
07608;20180726063000;1327.000000;0;0.000000;288.050000;282.420000;69;0;0;0;0;0;mq;0;0;0;0.000000;mq;283.950000;mq;294.050000;0.000000;0.000000;-99;768.000000;3100.000000;mq;mq;mq;mq;0;0;mq;mq;mq;mq;mq;mq;mq;mq;mq;mq;mq;mq;mq;mq;mq;
07939;20180726071500;1860.000000;0;0.000000;288.950000;284.120000;73;0;9;6;0;0;mq;0;0;0;14.000000;mq;281.650000;mq;292.950000;0.000000;0.000000;-99;768.000000;3100.000000;mq;mq;mq;mq;0;0;mq;mq;mq;mq;mq;mq;mq;mq;mq;mq;mq;mq;mq;mq;mq;
07966;20180726054000;1000.000000;0;0.000000;289.450000;288.650000;95;0;0;0;0;0;mq;0;0;0;0.000000;mq;289.250000;mq;300.050000;0.000000;0.000000;-99;768.000000;3100.000000;mq;mq;mq;mq;mq;0;mq;mq;mq;mq;mq;mq;mq;mq;mq;mq;mq;mq;mq;mq;mq;
07696;20180726061500;1850.000000;40;2.000000;285.750000;280.840000;72;0;9;6;0;0;mq;0;0;0;3.000000;mq;283.750000;mq;292.450000;0.000000;0.000000;-99;768.000000;3100.000000;mq;mq;mq;mq;0;0;mq;mq;mq;mq;mq;mq;mq;mq;mq;mq;mq;mq;mq;mq;mq;
07954;20180726055800;1107.000000;0;0.000000;289.050000;285.420000;79;0;9;6;0;0;mq;0;0;0;0.100000;mq;288.150000;mq;300.650000;0.000000;0.000000;-99;768.000000;3100.000000;mq;mq;mq;mq;0;0;mq;mq;mq;mq;mq;mq;mq;mq;mq;mq;mq;mq;mq;mq;mq;
07457;20180726080000;790.000000;0;0.000000;287.550000;mq;mq;0;9;6;0;0;mq;0;0;0;0.100000;mq;287.150000;mq;302.650000;0.000000;0.000000;-99;768.000000;3100.000000;mq;mq;mq;mq;0;0;mq;mq;mq;mq;mq;mq;mq;mq;mq;mq;mq;mq;mq;mq;mq;
07876;20180726060000;1270.000000;0;0.000000;289.650000;280.850000;56;0;0;0;0;0;mq;0;0;0;0.000000;mq;287.650000;mq;298.150000;0.000000;0.000000;-99;768.000000;3100.000000;mq;mq;mq;mq;0;0;mq;mq;mq;mq;mq;mq;mq;mq;mq;mq;mq;mq;mq;mq;mq;
07898;20180726061000;1080.000000;0;0.000000;287.150000;mq;mq;0;0;0;0;0;mq;0;0;0;0.000000;285.150000;mq;301.150000;mq;0.000000;0.000000;-99;768.000000;3100.000000;mq;mq;mq;mq;mq;mq;mq;mq;mq;mq;mq;mq;mq;mq;mq;mq;mq;mq;mq;mq;mq;
07589;20180727070000;1570.000000;0;0.000000;287.650000;mq;mq;0;9;6;4;0;8000;0;0;2;4.000000;mq;286.650000;mq;299.650000;mq;mq;mq;768.000000;mq;mq;mq;mq;mq;0;0;mq;mq;mq;mq;mq;mq;mq;mq;mq;mq;mq;mq;mq;mq;mq;
07608;20180727063000;1327.000000;180;2.000000;294.350000;274.620000;27;0;0;0;2;0;8000;0;0;2;0.000000;mq;286.550000;mq;297.050000;0.000000;0.000000;-99;768.000000;3100.000000;mq;mq;mq;mq;8;2;mq;mq;mq;mq;mq;mq;mq;mq;mq;mq;mq;mq;mq;mq;mq;
07966;20180727061500;1000.000000;0;0.000000;290.250000;289.110000;93;0;0;0;2;2;2250;2;0;0;0.000000;mq;289.250000;mq;302.950000;0.000000;0.000000;-99;768.000000;3100.000000;mq;mq;mq;mq;mq;0;mq;mq;mq;mq;mq;mq;mq;mq;mq;mq;mq;mq;mq;mq;mq;
07457;20180727052000;790.000000;0;0.000000;287.650000;mq;mq;0;0;0;0;0;mq;0;0;0;0.000000;mq;286.950000;mq;303.150000;0.000000;0.000000;-99;768.000000;3100.000000;mq;mq;mq;mq;0;0;mq;mq;mq;mq;mq;mq;mq;mq;mq;mq;mq;mq;mq;mq;mq;
07876;20180727060000;1270.000000;0;0.000000;290.150000;278.140000;45;0;9;0;0;0;mq;0;0;0;0.000000;mq;288.150000;mq;300.150000;0.000000;0.000000;-99;768.000000;3100.000000;mq;mq;mq;mq;0;0;mq;mq;mq;mq;mq;mq;mq;mq;mq;mq;mq;mq;mq;mq;mq;
07898;20180727055500;1080.000000;0;0.000000;286.150000;mq;mq;0;9;6;0;0;mq;0;0;0;3.600000;284.850000;mq;301.350000;mq;0.000000;0.000000;-99;768.000000;3100.000000;mq;mq;mq;mq;mq;mq;mq;mq;mq;mq;mq;mq;mq;mq;mq;mq;mq;mq;mq;mq;mq;
07893;20180727053000;1707.000000;180;2.000000;284.650000;282.220000;85;0;6;mq;1;0;8000;0;0;2;2.200000;mq;283.650000;mq;295.150000;0.000000;0.000000;-99;768.000000;3100.000000;mq;mq;mq;mq;0;0;mq;mq;mq;mq;mq;mq;mq;mq;mq;mq;mq;mq;mq;mq;mq;
07895;20180727054000;1970.000000;0;0.000000;285.150000;281.250000;77;0;9;6;1;0;8000;0;0;2;0.800000;mq;283.650000;mq;294.250000;0.000000;0.000000;-99;768.000000;3100.000000;mq;mq;mq;mq;0;0;mq;mq;mq;mq;mq;mq;mq;mq;mq;mq;mq;mq;mq;mq;mq;
07584;20180727121000;1738.000000;270;7.000000;297.150000;281.170000;36;0;0;0;3;3;1750;2;0;0;mq;mq;mq;mq;mq;mq;mq;mq;750.000000;mq;mq;mq;mq;mq;0;0;mq;mq;mq;mq;mq;mq;mq;mq;mq;mq;mq;mq;mq;mq;mq;
07912;20180727060000;1707.000000;40;1.000000;282.350000;281.280000;93;0;0;0;1;0;8000;0;0;2;0.000000;mq;281.250000;mq;298.150000;0.000000;0.000000;-99;768.000000;3100.000000;mq;mq;mq;mq;0;0;mq;mq;mq;mq;mq;mq;mq;mq;mq;mq;mq;mq;mq;mq;mq;
07590;20180727113000;1270.000000;0;0.000000;299.550000;287.670000;48;0;0;0;4;3;1750;2;3;0;mq;mq;mq;mq;mq;0.000000;0.000000;-50;750.000000;3100.000000;mq;mq;mq;mq;0;0;mq;mq;mq;mq;mq;mq;mq;mq;mq;mq;mq;mq;mq;mq;mq;
07931;20180727104500;1665.000000;270;2.000000;295.850000;277.400000;30;0;0;0;2;1;1750;2;0;2;mq;mq;mq;mq;mq;0.000000;0.000000;-50;750.000000;3100.000000;mq;mq;mq;mq;mq;0;mq;mq;mq;mq;mq;mq;mq;mq;mq;mq;mq;mq;mq;mq;mq;
07954;20180727055600;1107.000000;0;0.000000;289.350000;285.510000;78;0;6;0;1;1;2250;0;3;0;0.700000;mq;287.950000;mq;302.850000;mq;mq;mq;768.000000;mq;mq;mq;mq;mq;0;0;mq;mq;mq;mq;mq;mq;mq;mq;mq;mq;mq;mq;mq;mq;mq;
07589;20180728071000;1570.000000;0;0.000000;289.650000;mq;mq;0;0;0;5;5;3500;0;3;0;0.000000;mq;287.650000;mq;299.150000;0.000000;0.000000;-99;768.000000;3100.000000;mq;mq;mq;mq;0;0;mq;mq;mq;mq;mq;mq;mq;mq;mq;mq;mq;mq;mq;mq;mq;
07696;20180728060000;1850.000000;40;2.000000;286.950000;281.990000;72;0;0;0;4;0;8000;0;0;7;0.000000;mq;284.750000;mq;292.350000;0.000000;0.000000;-99;768.000000;3100.000000;mq;mq;mq;mq;0;0;mq;mq;mq;mq;mq;mq;mq;mq;mq;mq;mq;mq;mq;mq;mq;
07954;20180728080000;1107.000000;0;0.000000;289.450000;289.130000;98;45;0;0;9;9;mq;/;/;/;0.000000;mq;289.150000;mq;302.950000;mq;mq;mq;768.000000;mq;mq;mq;mq;mq;mq;0;mq;mq;mq;mq;mq;mq;mq;mq;mq;mq;mq;mq;mq;mq;mq;
07898;20180728072500;1080.000000;0;0.000000;291.150000;mq;mq;0;9;6;2;1;800;0;7;2;4.500000;285.750000;mq;301.850000;mq;0.000000;0.000000;-99;768.000000;3100.000000;mq;mq;mq;mq;mq;mq;mq;mq;mq;mq;mq;mq;mq;mq;mq;mq;mq;mq;mq;mq;mq;
07931;20180728103000;1665.000000;270;2.000000;294.250000;278.610000;36;0;0;0;8;4;1750;5;3;/;mq;mq;mq;mq;mq;0.000000;0.000000;-50;750.000000;3100.000000;mq;mq;mq;mq;mq;0;mq;mq;mq;mq;mq;mq;mq;mq;mq;mq;mq;mq;mq;mq;mq;
07584;20180728123000;1738.000000;270;7.000000;292.150000;284.950000;63;0;0;0;7;7;1750;0;7;/;mq;mq;mq;mq;mq;0.000000;0.000000;-50;750.000000;3100.000000;mq;mq;mq;mq;0;0;mq;mq;mq;mq;mq;mq;mq;mq;mq;mq;mq;mq;mq;mq;mq;
07917;20180728130000;1281.000000;220;2.000000;295.850000;287.690000;60;0;0;0;7;3;1250;5;3;2;mq;mq;mq;mq;mq;0.000000;0.000000;-50;750.000000;3100.000000;mq;mq;mq;mq;mq;0;mq;mq;mq;mq;mq;mq;mq;mq;mq;mq;mq;mq;mq;mq;mq;
07589;20180729071000;1570.000000;0;0.000000;284.650000;mq;mq;0;0;0;0;0;mq;0;0;0;0.000000;mq;284.150000;mq;294.150000;0.000000;0.000000;-99;768.000000;3100.000000;mq;mq;mq;mq;0;0;mq;mq;mq;mq;mq;mq;mq;mq;mq;mq;mq;mq;mq;mq;mq;
07898;20180729074500;1080.000000;360;2.000000;292.150000;mq;mq;0;6;0;0;0;mq;0;0;/;1.900000;284.150000;mq;295.150000;mq;0.000000;0.000000;-99;768.000000;3100.000000;mq;mq;mq;mq;mq;mq;mq;mq;mq;mq;mq;mq;mq;mq;mq;mq;mq;mq;mq;mq;mq;
07931;20180729060000;1665.000000;90;1.000000;282.450000;279.890000;84;0;9;6;0;0;mq;0;0;0;13.400000;mq;282.350000;mq;295.350000;0.000000;0.000000;-99;768.000000;3100.000000;mq;mq;mq;mq;mq;0;mq;mq;mq;mq;mq;mq;mq;mq;mq;mq;mq;mq;mq;mq;mq;
07584;20180729121000;1738.000000;0;0.000000;298.250000;mq;mq;0;0;0;0;0;mq;0;0;0;mq;mq;mq;mq;mq;0.000000;0.000000;-50;750.000000;3100.000000;mq;mq;mq;mq;0;0;mq;mq;mq;mq;mq;mq;mq;mq;mq;mq;mq;mq;mq;mq;mq;
07917;20180729130000;1281.000000;0;0.000000;300.550000;284.590000;37;0;0;0;3;3;2250;0;3;0;mq;mq;mq;mq;mq;0.000000;0.000000;-50;750.000000;3100.000000;mq;mq;mq;mq;mq;0;mq;mq;mq;mq;mq;mq;mq;mq;mq;mq;mq;mq;mq;mq;mq;
07954;20180729073000;1107.000000;0;0.000000;291.850000;286.050000;69;0;6;4;2;0;mq;0;0;0;0.200000;mq;285.150000;mq;292.650000;0.000000;0.000000;-99;768.000000;3100.000000;mq;mq;mq;mq;0;2;mq;mq;mq;mq;mq;mq;mq;mq;mq;mq;mq;mq;mq;mq;mq;
07608;20180730063000;1327.000000;0;0.000000;291.750000;285.280000;66;0;0;0;0;0;mq;0;0;0;0.000000;mq;285.150000;mq;295.350000;mq;mq;mq;768.000000;mq;mq;mq;mq;mq;0;0;mq;mq;mq;mq;mq;mq;mq;mq;mq;mq;mq;mq;mq;mq;mq;
07917;20180730060000;1281.000000;0;0.000000;284.250000;280.560000;78;0;0;0;1;0;8000;0;0;2;0.000000;mq;283.850000;mq;302.650000;0.000000;0.000000;-99;768.000000;3100.000000;mq;mq;mq;mq;0;0;mq;mq;mq;mq;mq;mq;mq;mq;mq;mq;mq;mq;mq;mq;mq;
07457;20180730130000;790.000000;0;0.000000;301.150000;mq;mq;0;0;0;1;1;1750;2;0;0;mq;mq;mq;mq;mq;0.000000;0.000000;-50;750.000000;3100.000000;mq;mq;mq;mq;mq;mq;mq;mq;mq;mq;mq;mq;mq;mq;mq;mq;mq;mq;mq;mq;mq;
07457;20180730080000;790.000000;0;0.000000;287.150000;mq;mq;0;0;0;0;0;mq;0;0;0;0.000000;mq;286.150000;mq;300.350000;0.000000;0.000000;-99;768.000000;3100.000000;mq;mq;mq;mq;0;mq;mq;mq;mq;mq;mq;mq;mq;mq;mq;mq;mq;mq;mq;mq;mq;
07876;20180730060000;1270.000000;0;0.000000;290.650000;277.600000;42;0;0;0;0;0;mq;0;0;0;0.000000;mq;288.150000;mq;299.150000;0.000000;0.000000;-99;768.000000;3100.000000;mq;mq;mq;mq;0;0;mq;mq;mq;mq;mq;mq;mq;mq;mq;mq;mq;mq;mq;mq;mq;
07898;20180730062000;1080.000000;0;0.000000;287.650000;mq;mq;0;0;0;0;0;mq;0;0;0;0.000000;284.650000;mq;301.450000;mq;0.000000;0.000000;-99;768.000000;3100.000000;mq;mq;mq;mq;mq;mq;mq;mq;mq;mq;mq;mq;mq;mq;mq;mq;mq;mq;mq;mq;mq;
07912;20180730060000;1707.000000;40;1.000000;282.150000;280.600000;90;0;0;0;2;0;8000;0;0;2;0.000000;mq;280.750000;mq;298.150000;0.000000;0.000000;-99;768.000000;3100.000000;mq;mq;mq;mq;0;0;mq;mq;mq;mq;mq;mq;mq;mq;mq;mq;mq;mq;mq;mq;mq;
07893;20180730053000;1707.000000;0;0.000000;286.150000;281.220000;72;0;0;0;1;0;8000;0;0;2;0.000000;mq;282.150000;mq;296.650000;0.000000;0.000000;-99;768.000000;3100.000000;mq;mq;mq;mq;0;0;mq;mq;mq;mq;mq;mq;mq;mq;mq;mq;mq;mq;mq;mq;mq;
07584;20180731060000;1738.000000;0;0.000000;288.250000;282.820000;70;0;0;0;1;1;2250;2;0;0;0.000000;mq;286.650000;mq;299.750000;0.000000;0.000000;-99;768.000000;3100.000000;mq;mq;mq;mq;0;0;mq;mq;mq;mq;mq;mq;mq;mq;mq;mq;mq;mq;mq;mq;mq;
07697;20180731060000;1554.000000;0;0.000000;283.150000;281.090000;87;0;0;0;0;0;mq;0;0;0;0.000000;mq;281.150000;mq;297.150000;0.000000;0.000000;-99;768.000000;3100.000000;mq;mq;mq;mq;0;0;mq;mq;mq;mq;mq;mq;mq;mq;mq;mq;mq;mq;mq;mq;mq;
07954;20180731055600;1107.000000;0;0.000000;289.150000;285.120000;77;0;0;0;1;1;2250;0;3;0;0.000000;mq;287.750000;mq;300.750000;0.000000;0.000000;-99;768.000000;3100.000000;mq;mq;mq;mq;0;0;mq;mq;mq;mq;mq;mq;mq;mq;mq;mq;mq;mq;mq;mq;mq;
